<?xml version="1.0" encoding="utf-8"?>
<extension version="2.5" type="component" method="upgrade">
	<name>MDFuel</name>
	<creationDate>01-06-2013</creationDate>
	<author>Martijn Hiddink</author>
	<authorEmail>support@mardinkwebdesign.com</authorEmail>
	<authorUrl>http://www.mardinkwebdesign.com</authorUrl>
	<copyright>Copyright (c)2013 Martijn Hiddink / MardinkWebdesign.com</copyright>
	<license>GNU GPL v3 or later</license>
	<version>1.0.0</version>
	<description>A joomla! component to keep an administration of the fuel consumption of your cars</description>

	
	<!-- Administrator back-end section -->
	<administration>
		<!-- Administration menu -->
		<menu view="receipts"
			img="../media/com_mdfuel/images/contactus-16.png">MD Fuel</menu>
		<!-- Back-end files -->
		<files folder="backend">
			<folder>views</folder> -->
            <folder>liveupdate</folder>
			<filename>mdfuel.php</filename>
		</files>

		
	</administration>
</extension>